{"goal": {"position": [0.0228620065468206, 0.09814777842574184, 0.0325], "orientation": [0.0, 0.0, 0.0, 1.0]}, "difficulty": 1}
