{
    "difficulty": 3,
    "goal": {
        "orientation": [
            0.0,
            0.0,
            0.0,
            1.0
        ],
        "position": [
            -0.03147089874918841,
            -0.03442089762880575,
            0.07654381622885055
        ]
    }
}