{"position": [-0.048799458024586864, 0.10061203866247898, 0.030593500821598014], "orientation": [0.0, 0.0, 0.0, 1.0]}