{"position": [-0.08308932496258564, 0.11772669448458006, 0.07650471518372004], "orientation": [0.0, 0.0, 0.0, 1.0]}