{"goal": {"position": [0.07403980461906161, -0.03805050583077064, 0.01], "orientation": [0.0, 0.0, 0.0, 1.0]}, "difficulty": 1}
