{"goal": {"position": [0.0228620065468206, 0.09814777842574184, 0.039818796818549315], "orientation": [0.3078802009281494, -0.49658224163869497, 0.6395133980774413, 0.4996383420485011]}, "difficulty": 4}
