{"goal": {"position": [0.07403980461906161, -0.03805050583077064, 0.06907854814837891], "orientation": [0.6437215055472727, -0.6464104145413802, -0.0013883053146510494, -0.40960257796643185]}, "difficulty": 4}
