{"goal": {"position": [-0.11337585293837657, -0.009704980162230061, 0.093569335974131], "orientation": [0.7899774647249699, -0.511570526143241, -0.3291008804340023, -0.07696630760145161]}, "difficulty": 4}
