{"goal": {"position": [0.1469606074062093, 0.02573517287161074, 0.0809899306095717], "orientation": [0.3078802009281494, -0.49658224163869497, 0.6395133980774413, 0.4996383420485011]}, "difficulty": 4}
