{"goal": {"position": [0.10357411333778375, -0.10202891925022045, 0.0853155020197128], "orientation": [0.7899774647249699, -0.511570526143241, -0.3291008804340023, -0.07696630760145161]}, "difficulty": 4}
