{"position": [0.05803620693886205, 0.08451240346945602, 0.03680345505521323], "orientation": [0.0, 0.0, 0.0, 1.0]}