{
    "difficulty": 3,
    "goal": {
        "orientation": [
            0.0,
            0.0,
            0.0,
            1.0
        ],
        "position": [
            -0.046826079179923985,
            -0.014779277263575787,
            0.06868338189539382
        ]
    }
}