{"goal": {"position": [0.08638457366167493, -0.05586472804252229, 0.0916407672165898], "orientation": [0.6437215055472727, -0.6464104145413802, -0.0013883053146510494, -0.40960257796643185]}, "difficulty": 4}
