{
    "difficulty": 3,
    "goal": {
        "orientation": [
            0.0,
            0.0,
            0.0,
            1.0
        ],
        "position": [
            -0.12231494286236333,
            0.06678682663314607,
            0.024545846290740213
        ]
    }
}