{
    "goal": {
        "position": [
            -0.023177727715545816,
            -0.07473376048356407,
            0.07525362750649361
        ],
        "orientation": [
            -0.22391452779169282,
            0.6238261787703987,
            -0.7479330663351736,
            -0.03604595964890769
        ]
    },
    "difficulty": 4
}