{"goal": {"position": [-0.11337585293837657, -0.009704980162230061, 0.093569335974131], "orientation": [0.0, 0.0, 0.0, 1.0]}, "difficulty": 3}
