{
    "difficulty": 3,
    "goal": {
        "position": [
            -0.005105840929264841,
            0.09680696457338844,
            0.032512618209507245
        ],
        "orientation": [
            0,
            0,
            0,
            1
        ]
    }
}
