{
    "difficulty": 4,
    "_goal": {
        "orientation": [
            0.733168921830683,
            0.12727604573520923,
            0.1750792465866345,
            -0.644679298301333
        ],
        "position": [
            0.003524756345182846,
            -0.09720345954895165,
            0.09323814487933785
        ]
    }
}
