{
    "goal": {
        "orientation": [
            -0.4374727613321599,
            -0.20683322363857853,
            0.1873098765391595,
            0.8548406932537627
        ],
        "position": [
            -0.019694996580746155,
            0.1085899774610412,
            0.0876192732209477
        ]
    },
    "difficulty": 4
}