{"goal": {"position": [0.0228620065468206, 0.09814777842574184, 0.039818796818549315], "orientation": [0.0, 0.0, 0.0, 1.0]}, "difficulty": 3}
