{
    "difficulty": 2,
    "_goal": {
        "orientation": [
            -0.3251759919553391,
            -0.649362570551054,
            0.5530508316740663,
            -0.40831801798085315
        ],
        "position": [
            -0.04287375343678109,
            -0.10821191275415394,
            0.06834095795174311
        ]
    }
}
