{
    "_goal": {
        "orientation": [
            0,
            0,
            0,
            1
        ],
        "position": [
            -0.09298575918852371,
            0.028958923978905374,
            0.0813489485072484
        ]
    },
    "difficulty": 3
}
